fixture	workload	assumed_refund_realms	baseline_gas	candidate_gas	gas_delta	baseline_net_bytes	candidate_net_bytes	storage_delta_bytes	cpu_delta	deposit_gain_ugnot	refund_gain_ugnot	storage_gain_ugnot	gas_repricing_gain_ugnot	net_gain_ugnot	net_5pct_gas_margin_ugnot	net_fixed_fee_ugnot
common_filetest.gno	TickMathGetSqrtRatioAtTick (minTick)		1689865	1689865	0	0	0	0	0	0	0	0	0	0	0	0
common_filetest.gno	TickMathGetSqrtRatioAtTick (maxTick)		2058854	2058854	0	0	0	0	0	0	0	0	0	0	0	0
common_filetest.gno	TickMathGetSqrtRatioAtTick (zero)		334802	334802	0	0	0	0	0	0	0	0	0	0	0	0
common_filetest.gno	TickMathGetSqrtRatioAtTick		1527883	1527883	0	0	0	0	0	0	0	0	0	0	0	0
common_filetest.gno	TickMathGetTickAtSqrtRatio		3863554	3863554	0	0	0	0	0	0	0	0	0	0	0	0
common_filetest.gno	GetLiquidityForAmounts		3211535	3211535	0	0	0	0	0	0	0	0	0	0	0	0
common_filetest.gno	GetAmountsForLiquidity		2981525	2981525	0	0	0	0	0	0	0	0	0	0	0	0
common_filetest.gno	LiquidityMathAddDelta (positive)		449547	449547	0	0	0	0	0	0	0	0	0	0	0	0
common_filetest.gno	LiquidityMathAddDelta (negative)		471588	471588	0	0	0	0	0	0	0	0	0	0	0	0
common_filetest.gno	LiquidityMathAddDelta		437865	437865	0	0	0	0	0	0	0	0	0	0	0	0
gnsmath_filetest.gno	GetAmount0Delta		3631434	3631434	0	0	0	0	0	0	0	0	0	0	0	0
gnsmath_filetest.gno	GetAmount1Delta		2329750	2329750	0	0	0	0	0	0	0	0	0	0	0	0
gnsmath_filetest.gno	SwapMathComputeSwapStep		4232740	4232740	0	0	0	0	0	0	0	0	0	0	0	0
gov_governance_propose_community_pool_spend_filetest.gno	Propose Community Pool Spend		2446348	2446348	0	20560	20560	0	0	0	0	0	0	0	0	0
gov_governance_propose_parameter_change_filetest.gno	Propose Parameter Change		2992330	2992330	0	19532	19532	0	0	0	0	0	0	0	0	0
gov_governance_propose_parameter_change_filetest.gno	Vote		1020769	1020769	0	4488	4488	0	0	0	0	0	0	0	0	0
gov_governance_propose_parameter_change_filetest.gno	Execute		2528088	2528088	0	76	76	0	0	0	0	0	0	0	0	0
gov_governance_propose_text_filetest.gno	Propose Text		1931909	1931909	0	18333	18333	0	0	0	0	0	0	0	0	0
gov_governance_propose_text_with_incative_proposals_filetest.gno	Propose Text with Inactive: 100		2347937	2347937	0	8501	8501	0	0	0	0	0	0	0	0	0
gov_staker_collect_gns_delegation100_withdraw1_filetest.gno	CollectUndelegatedGns (100 delegations, 1 withdraws)		25137447	25137447	0	0	0	0	0	0	0	0	0	0	0	0
gov_staker_collect_gns_delegation10_withdraw10_filetest.gno	CollectUndelegatedGns (10 delegations, 10 withdraws)		4375919	4375919	0	0	0	0	0	0	0	0	0	0	0	0
gov_staker_collect_gns_delegation10_withdraw1_filetest.gno	CollectUndelegatedGns (10 delegations, 1 withdraws)		2337329	2337329	0	0	0	0	0	0	0	0	0	0	0	0
gov_staker_collect_gns_delegation10_withdraw50_filetest.gno	CollectUndelegatedGns (10 delegations, 50 withdraws)		13436619	13436619	0	18	18	0	0	0	0	0	0	0	0	0
gov_staker_collect_gns_delegation10_withdraw5_filetest.gno	CollectUndelegatedGns (10 delegations, 5 withdraws)		3243369	3243369	0	0	0	0	0	0	0	0	0	0	0	0
gov_staker_collect_gns_delegation1_withdraw10_filetest.gno	CollectUndelegatedGns (1 delegation, 10 withdraws)		611432	611432	0	0	0	0	0	0	0	0	0	0	0	0
gov_staker_collect_gns_delegation1_withdraw1_filetest.gno	CollectUndelegatedGns (1 delegation, 1 withdraws)		407573	407573	0	0	0	0	0	0	0	0	0	0	0	0
gov_staker_collect_gns_delegation1_withdraw50_filetest.gno	CollectUndelegatedGns (1 delegation, 50 withdraws)		1517472	1517472	0	0	0	0	0	0	0	0	0	0	0	0
gov_staker_collect_gns_delegation1_withdraw5_filetest.gno	CollectUndelegatedGns (1 delegation, 5 withdraws)		498177	498177	0	0	0	0	0	0	0	0	0	0	0	0
gov_staker_collect_reward_delegation100_withdraw1_filetest.gno	CollectReward (100 delegations, 1 withdraws)		3457355	3457355	0	2333	2333	0	0	0	0	0	0	0	0	0
gov_staker_collect_reward_delegation10_withdraw10_filetest.gno	CollectReward (10 delegations, 10 withdraws)		3457265	3457265	0	2323	2323	0	0	0	0	0	0	0	0	0
gov_staker_collect_reward_delegation10_withdraw1_filetest.gno	CollectReward (10 delegations, 1 withdraws)		3453477	3453477	0	2323	2323	0	0	0	0	0	0	0	0	0
gov_staker_collect_reward_delegation10_withdraw50_filetest.gno	CollectReward (10 delegations, 50 withdraws)		3456198	3456198	0	2323	2323	0	0	0	0	0	0	0	0	0
gov_staker_collect_reward_delegation10_withdraw5_filetest.gno	CollectReward (10 delegations, 5 withdraws)		3450274	3450274	0	2323	2323	0	0	0	0	0	0	0	0	0
gov_staker_collect_reward_delegation1_withdraw10_filetest.gno	CollectReward (1 delegation, 10 withdraws)		3527397	3527397	0	2395	2395	0	0	0	0	0	0	0	0	0
gov_staker_collect_reward_delegation1_withdraw1_filetest.gno	CollectReward (1 delegation, 1 withdraws)		3702983	3702983	0	2395	2395	0	0	0	0	0	0	0	0	0
gov_staker_collect_reward_delegation1_withdraw50_filetest.gno	CollectReward (1 delegation, 50 withdraws)		3524194	3524194	0	2395	2395	0	0	0	0	0	0	0	0	0
gov_staker_collect_reward_delegation1_withdraw5_filetest.gno	CollectReward (1 delegation, 5 withdraws)		3525351	3525351	0	2395	2395	0	0	0	0	0	0	0	0	0
gov_staker_collect_reward_pf_token_count_filetest.gno	gov/staker CollectReward (1 protocol-fee tokens)	gno.land/r/onbloc/bar	3710276	3710276	0	368	368	0	0	0	0	0	0	0	0	0
gov_staker_collect_reward_pf_token_count_filetest.gno	gov/staker CollectReward (2 protocol-fee tokens)	gno.land/r/onbloc/bar,gno.land/r/onbloc/baz	5888205	5888205	0	-1860	-1860	0	0	0	0	0	0	0	0	0
gov_staker_collect_reward_pf_token_count_filetest.gno	gov/staker CollectReward (3 protocol-fee tokens)	gno.land/r/onbloc/bar,gno.land/r/onbloc/baz,gno.land/r/onbloc/qux	8186417	8186417	0	-3992	-3992	0	0	0	0	0	0	0	0	0
gov_staker_collect_reward_pf_token_count_filetest.gno	gov/staker CollectReward (4 protocol-fee tokens)	gno.land/r/onbloc/bar,gno.land/r/onbloc/baz,gno.land/r/onbloc/obl,gno.land/r/onbloc/qux	10495832	10495832	0	-6122	-6122	0	0	0	0	0	0	0	0	0
gov_staker_collect_reward_pf_token_count_filetest.gno	gov/staker CollectReward (4 protocol-fee tokens but zero amount)		1701190	1701190	0	0	0	0	0	0	0	0	0	0	0	0
gov_staker_delegate_undelegate_filetest.gno	Delegate		4989756	4991820	2064	38285	38285	0	0	0	0	0	-2.064	-2.064	-2.1672	0
gov_staker_delegate_undelegate_filetest.gno	Undelegate		2279200	2279200	0	840	840	0	0	0	0	0	0	0	0	0
gov_staker_optimizations_filetest.gno	Undelegate (5 delegations, cached external calls)		9705646	9705646	0	3510	3510	0	0	0	0	0	0	0	0	0
gov_staker_optimizations_filetest.gno	Delegate (cached external calls)		3046853	3046853	0	3210	3210	0	0	0	0	0	0	0	0	0
gov_staker_optimizations_filetest.gno	Undelegate (early exit, 3 of 10 delegations)		6656620	6656620	0	2088	2088	0	0	0	0	0	0	0	0	0
gov_staker_redelegate_filetest.gno	Redelegate		4363314	4363314	0	1423	1423	0	0	0	0	0	0	0	0	0
gov_staker_redelegate_many_delegations_filetest.gno	Redelegate (50 of 100 delegations, optimized)		123363976	123363976	0	-118826	-118826	0	0	0	0	0	0	0	0	0
gov_staker_undelegate_many_delegatees_filetest.gno	Undelegate (50 delegatees, large AVL traversal)		2459149	2459149	0	708	708	0	0	0	0	0	0	0	0	0
launchpad_collect_deposit_gns_accumulation_filetest.gno	CollectDepositGns (deposit 1/5, remaining 4)		7721509	7721509	0	1850	1850	0	0	0	0	0	0	0	0	0
launchpad_collect_deposit_gns_accumulation_filetest.gno	CollectDepositGns (deposit 2/5, remaining 3)		7380514	7380514	0	-2257	-2257	0	0	0	0	0	0	0	0	0
launchpad_collect_deposit_gns_accumulation_filetest.gno	CollectDepositGns (deposit 3/5, remaining 2)		7354134	7354134	0	-2257	-2257	0	0	0	0	0	0	0	0	0
launchpad_collect_deposit_gns_accumulation_filetest.gno	CollectDepositGns (deposit 4/5, remaining 1)		7359580	7359580	0	-2257	-2257	0	0	0	0	0	0	0	0	0
launchpad_collect_deposit_gns_accumulation_filetest.gno	CollectDepositGns (deposit 5/5, remaining 0)		7231937	7231937	0	-8456	-8456	0	0	0	0	0	0	0	0	0
launchpad_collect_deposit_gns_filetest.gno	Launchpad CollectDepositGns		7588751	7588751	0	-4155	-4155	0	0	0	0	0	0	0	0	0
launchpad_collect_protocol_fee_1_token_filetest.gno	CollectProtocolFee (1 token)		3584812	3584812	0	4426	4426	0	0	0	0	0	0	0	0	0
launchpad_collect_protocol_fee_2_tokens_filetest.gno	CollectProtocolFee (2 tokens)		5670124	5670124	0	8750	8750	0	0	0	0	0	0	0	0	0
launchpad_collect_protocol_fee_5_tokens_filetest.gno	CollectProtocolFee (5 tokens)		11964755	11964755	0	21724	21724	0	0	0	0	0	0	0	0	0
launchpad_collect_protocol_fee_filetest.gno	Launchpad CollectProtocolFee (tokens: 10)		22358495	22358495	0	43713	43713	0	0	0	0	0	0	0	0	0
launchpad_collect_reward_filetest.gno	Launchpad CollectRewardByDepositId		3308430	3308430	0	2070	2070	0	0	0	0	0	0	0	0	0
launchpad_create_project_filetest.gno	Create Launchpad Project		8550023	8551580	1557	33729	33729	0	0	0	0	0	-1.557	-1.557	-1.63485	0
launchpad_deposit_gns_filetest.gno	Launchpad DepositGns		6420331	6420331	0	24246	24246	0	0	0	0	0	0	0	0	0
launchpad_transfer_left_from_project_filetest.gno	Launchpad TransferLeftFromProjectByAdmin		1268570	1268570	0	41	41	0	0	0	0	0	0	0	0	0
pool_create_and_mint_filetest.gno	CreatePool		6718031	6718538	507	25361	25361	0	0	0	0	0	-0.507	-0.507	-0.53235	0
pool_create_and_mint_filetest.gno	Mint (fee:3000, wide range)		31555821	31555824	3	22702	22702	0	0	0	0	0	-0.003	-0.003	-0.00315	0
pool_swap_wugnot_gns_filetest.gno	Swap (gns -> wugnot, fee:500)		47051055	47051553	498	0	0	0	0	0	0	0	-0.498	-0.498	-0.5229	0
position_decrease_liquidity_filetest.gno	DecreaseLiquidity		25630642	25630642	0	18	18	0	0	0	0	0	0	0	0	0
position_increase_liquidity_filetest.gno	IncreaseLiquidity	gno.land/r/onbloc/bar,gno.land/r/onbloc/foo	23148004	23148004	0	-2084	-2084	0	0	0	0	0	0	0	0	0
position_mint_filetest.gno	Mint (bar:foo:500)		29749968	29749971	3	22689	22689	0	0	0	0	0	-0.003	-0.003	-0.00315	0
position_mint_with_gnot_filetest.gno	CollectFee (with unwrap)		7921566	7921569	3	44	44	0	0	0	0	0	-0.003	-0.003	-0.00315	0
position_reposition_filetest.gno	DecreaseLiquidity (w. Remove)		22338548	22338551	3	62	62	0	0	0	0	0	-0.003	-0.003	-0.00315	0
position_reposition_filetest.gno	Mint (reposition)		30576495	30576495	0	8619	8619	0	0	0	0	0	0	0	0	0
position_stake_position_filetest.gno	SetPoolTier (tier 1)		4030471	4053848	23377	47025	46194	-831	23170	83100	0	83100	-23.377	83076.623	83075.45415	83100
position_stake_position_filetest.gno	StakeToken		10617929	10844019	226090	23393	23393	0	153952	0	0	0	-226.09	-226.09	-237.3945	0
raw_uint_tree_key_magnitude_filetest.gno	UintTree Set (0)		73225	75277	2052	0	0	0	0	0	0	0	-2.052	-2.052	-2.1546	0
raw_uint_tree_key_magnitude_filetest.gno	UintTree Get (0)		56128	56128	0	0	0	0	0	0	0	0	0	0	0	0
raw_uint_tree_key_magnitude_filetest.gno	UintTree Set (1)		57310	57310	0	0	0	0	0	0	0	0	0	0	0	0
raw_uint_tree_key_magnitude_filetest.gno	UintTree Get (1)		56128	56128	0	0	0	0	0	0	0	0	0	0	0	0
raw_uint_tree_key_magnitude_filetest.gno	UintTree Set (255)		57310	57310	0	0	0	0	0	0	0	0	0	0	0	0
raw_uint_tree_key_magnitude_filetest.gno	UintTree Get (255)		56128	56128	0	0	0	0	0	0	0	0	0	0	0	0
raw_uint_tree_key_magnitude_filetest.gno	UintTree Set (256)		57310	57310	0	0	0	0	0	0	0	0	0	0	0	0
raw_uint_tree_key_magnitude_filetest.gno	UintTree Get (256)		56128	56128	0	0	0	0	0	0	0	0	0	0	0	0
raw_uint_tree_key_magnitude_filetest.gno	UintTree Set (65535)		57310	57310	0	0	0	0	0	0	0	0	0	0	0	0
raw_uint_tree_key_magnitude_filetest.gno	UintTree Get (65535)		56128	56128	0	0	0	0	0	0	0	0	0	0	0	0
raw_uint_tree_key_magnitude_filetest.gno	UintTree Set (4294967295)		57310	57310	0	0	0	0	0	0	0	0	0	0	0	0
raw_uint_tree_key_magnitude_filetest.gno	UintTree Get (4294967295)		56128	56128	0	0	0	0	0	0	0	0	0	0	0	0
raw_uint_tree_key_magnitude_filetest.gno	UintTree Set (9223372036854775807)		57310	57310	0	0	0	0	0	0	0	0	0	0	0	0
raw_uint_tree_key_magnitude_filetest.gno	UintTree Get (9223372036854775807)		56128	56128	0	0	0	0	0	0	0	0	0	0	0	0
router_exact_in_single_swap_route_grc20_fee10000_filetest.gno	ExactInSingleSwapRoute(grc20) - fee:10000		26973823	26974324	501	9054	9054	0	0	0	0	0	-0.501	-0.501	-0.52605	0
router_exact_in_single_swap_route_grc20_fee100_filetest.gno	ExactInSingleSwapRoute(grc20) - fee:100		31564543	31565044	501	9054	9054	0	0	0	0	0	-0.501	-0.501	-0.52605	0
router_exact_in_single_swap_route_grc20_fee3000_filetest.gno	ExactInSingleSwapRoute(grc20) - fee:3000		27038160	27039156	996	9054	9054	0	0	0	0	0	-0.996	-0.996	-1.0458	0
router_exact_in_single_swap_route_grc20_fee500_filetest.gno	ExactInSingleSwapRoute(grc20) - fee:500		26900397	26900898	501	9054	9054	0	0	0	0	0	-0.501	-0.501	-0.52605	0
router_exact_in_swap_route_grc20_fee10000_filetest.gno	ExactInSwapRoute(grc20) - fee:10000		26212293	26212794	501	9054	9054	0	0	0	0	0	-0.501	-0.501	-0.52605	0
router_exact_in_swap_route_grc20_fee100_filetest.gno	ExactInSwapRoute(grc20) - fee:100		30820317	30820818	501	9054	9054	0	0	0	0	0	-0.501	-0.501	-0.52605	0
router_exact_in_swap_route_grc20_fee3000_filetest.gno	ExactInSwapRoute(grc20) - fee:3000		26285282	26286278	996	9054	9054	0	0	0	0	0	-0.996	-0.996	-1.0458	0
router_exact_in_swap_route_grc20_fee500_filetest.gno	ExactInSwapRoute(grc20) - fee:500		26156171	26156672	501	9054	9054	0	0	0	0	0	-0.501	-0.501	-0.52605	0
router_exact_out_single_swap_route_grc20_fee10000_filetest.gno	ExactOutSingleSwapRoute(grc20) - fee:10000		28806824	28807325	501	9054	9054	0	0	0	0	0	-0.501	-0.501	-0.52605	0
router_exact_out_single_swap_route_grc20_fee100_filetest.gno	ExactOutSingleSwapRoute(grc20) - fee:100		33248320	33248821	501	9054	9054	0	0	0	0	0	-0.501	-0.501	-0.52605	0
router_exact_out_single_swap_route_grc20_fee3000_filetest.gno	ExactOutSingleSwapRoute(grc20) - fee:3000		28747177	28748173	996	9054	9054	0	0	0	0	0	-0.996	-0.996	-1.0458	0
router_exact_out_single_swap_route_grc20_fee500_filetest.gno	ExactOutSingleSwapRoute(grc20) - fee:500		28642962	28643463	501	9054	9054	0	0	0	0	0	-0.501	-0.501	-0.52605	0
router_exact_out_swap_route_grc20_fee10000_filetest.gno	ExactOutSwapRoute(grc20) - fee:10000		28068329	28068830	501	9054	9054	0	0	0	0	0	-0.501	-0.501	-0.52605	0
router_exact_out_swap_route_grc20_fee100_filetest.gno	ExactOutSwapRoute(grc20) - fee:100		32527129	32527630	501	9054	9054	0	0	0	0	0	-0.501	-0.501	-0.52605	0
router_exact_out_swap_route_grc20_fee3000_filetest.gno	ExactOutSwapRoute(grc20) - fee:3000		28017334	28018330	996	9054	9054	0	0	0	0	0	-0.996	-0.996	-1.0458	0
router_exact_out_swap_route_grc20_fee500_filetest.gno	ExactOutSwapRoute(grc20) - fee:500		27921771	27922272	501	9054	9054	0	0	0	0	0	-0.501	-0.501	-0.52605	0
router_single_hop_route_filetest.gno	BuildSingleHopRoutePath		202459	204013	1554	0	0	0	0	0	0	0	-1.554	-1.554	-1.6317	0
router_swap_multi_hop_filetest.gno	MultiHop ExactIn (2 hops)		52640746	52641247	501	9061	9061	0	0	0	0	0	-0.501	-0.501	-0.52605	0
router_swap_multi_hop_filetest.gno	MultiHop ExactOut (2 hops)		73105182	73105182	0	76	76	0	0	0	0	0	0	0	0	0
router_swap_multi_hop_filetest.gno	MultiHop ExactIn (3 hops)		72264029	72264029	0	33	33	0	0	0	0	0	0	0	0	0
router_swap_multi_hop_filetest.gno	MultiHop ExactOut (3 hops)		110815944	110815944	0	0	0	0	0	0	0	0	0	0	0	0
router_swap_multi_hop_filetest.gno	MultiRoute ExactIn (50:50 split)		71586063	71586558	495	0	0	0	0	0	0	0	-0.495	-0.495	-0.51975	0
router_swap_multi_hop_filetest.gno	MultiRoute ExactOut (50:50 split)		96971305	96971305	0	4	4	0	0	0	0	0	0	0	0	0
staker_collect_reward_filetest.gno	CollectReward (only Internal Reward)		13997438	14176382	178944	11137	11137	0	174376	0	0	0	-178.944	-178.944	-187.8912	0
staker_collect_reward_filetest.gno	CollectReward 2nd (only Internal Reward)		13778831	13957775	178944	40	40	0	174376	0	0	0	-178.944	-178.944	-187.8912	0
staker_collect_reward_incentive_token_count_filetest.gno	staker CollectReward (1 external-incentive token)		13624670	13893086	268416	10026	10026	0	261564	0	0	0	-268.416	-268.416	-281.8368	0
staker_collect_reward_incentive_token_count_filetest.gno	staker CollectReward (2 external-incentive tokens)		20970488	21328376	357888	4069	4069	0	348752	0	0	0	-357.888	-357.888	-375.7824	0
staker_collect_reward_incentive_token_count_filetest.gno	staker CollectReward (3 external-incentive tokens)		28630586	29077946	447360	4502	4502	0	435940	0	0	0	-447.36	-447.36	-469.728	0
staker_collect_reward_incentive_token_count_filetest.gno	staker CollectReward (4 external-incentive tokens)		36478899	37015731	536832	5046	5046	0	523128	0	0	0	-536.832	-536.832	-563.6736	0
staker_collect_reward_position_growth_filetest.gno	storage growth: CollectReward 20 staked positions		15322698	15501642	178944	62	62	0	174376	0	0	0	-178.944	-178.944	-187.8912	0
staker_collect_reward_position_growth_filetest.gno	storage growth: CollectReward 40 staked positions		15785077	15964021	178944	0	0	0	174376	0	0	0	-178.944	-178.944	-187.8912	0
staker_collect_reward_position_growth_filetest.gno	storage growth: CollectReward 60 staked positions		15787567	15966511	178944	0	0	0	174376	0	0	0	-178.944	-178.944	-187.8912	0
staker_collect_reward_position_growth_filetest.gno	storage growth: CollectReward 80 staked positions		15918844	16097788	178944	0	0	0	174376	0	0	0	-178.944	-178.944	-187.8912	0
staker_collect_reward_position_growth_filetest.gno	storage growth: CollectReward 100 staked positions		15904575	16083519	178944	0	0	0	174376	0	0	0	-178.944	-178.944	-187.8912	0
staker_collect_reward_with_external_rewards_1_filetest.gno	CollectReward With External Rewards (1 incentives)		22021186	22289602	268416	14734	14734	0	261564	0	0	0	-268.416	-268.416	-281.8368	0
staker_collect_reward_with_external_rewards_1_filetest.gno	CollectReward With External Rewards 2nd (1 incentives)		21425192	21693608	268416	31	31	0	261564	0	0	0	-268.416	-268.416	-281.8368	0
staker_collect_reward_with_external_rewards_5_filetest.gno	CollectReward With External Rewards (5 incentives)		53057905	53684209	626304	28757	28757	0	610316	0	0	0	-626.304	-626.304	-657.6192	0
staker_collect_reward_with_external_rewards_5_filetest.gno	CollectReward With External Rewards 2nd (5 incentives)		51305551	51931855	626304	52	52	0	610316	0	0	0	-626.304	-626.304	-657.6192	0
staker_collect_reward_with_warmup_range_filetest.gno	CollectReward with Warmup Range (30% ~ 30%)		14035434	14214378	178944	11119	11119	0	174376	0	0	0	-178.944	-178.944	-187.8912	0
staker_collect_reward_with_warmup_range_filetest.gno	CollectReward with Warmup Range (30% ~ 50%)		16054353	16278033	223680	58	58	0	217970	0	0	0	-223.68	-223.68	-234.864	0
staker_collect_reward_with_warmup_range_filetest.gno	CollectReward with Warmup Range (30% ~ 70%)		18359219	18627635	268416	18	18	0	261564	0	0	0	-268.416	-268.416	-281.8368	0
staker_collect_reward_with_warmup_range_filetest.gno	CollectReward with Warmup Range (30% ~ 100%)		20688012	21001164	313152	18	18	0	305158	0	0	0	-313.152	-313.152	-328.8096	0
staker_collect_reward_with_warmup_range_filetest.gno	CollectReward with Warmup Range (100% ~)		13453682	13632626	178944	-6	-6	0	174376	0	0	0	-178.944	-178.944	-187.8912	0
staker_collect_reward_with_warmup_range_filetest.gno	CollectReward with Warmup Range 2nd (100% ~)		13338329	13517273	178944	0	0	0	174376	0	0	0	-178.944	-178.944	-187.8912	0
staker_create_external_incentive_filetest.gno	CreateExternalIncentive		3858805	3882182	23377	66634	65803	-831	23170	83100	0	83100	-23.377	83076.623	83075.45415	83100
staker_end_external_incentive_filetest.gno	EndExternalIncentive	gno.land/r/onbloc/bar	2312242	2312242	0	-1979	-1979	0	0	0	0	0	0	0	0	0
staker_end_external_incentive_unclaimable100_filetest.gno	EndExternalIncentive (unclaimablePeriods=100)		2352154	2352154	0	147	147	0	0	0	0	0	0	0	0	0
staker_end_external_incentive_unclaimable10_filetest.gno	EndExternalIncentive (unclaimablePeriods=10)		2301857	2301857	0	141	141	0	0	0	0	0	0	0	0	0
staker_end_external_incentive_unclaimable50_filetest.gno	EndExternalIncentive (unclaimablePeriods=50)		2314287	2314287	0	141	141	0	0	0	0	0	0	0	0	0
staker_halving_tick_cross_batch_10_filetest.gno	Swap (halving, 10 staked tick-crosses)		106403913	106558948	155035	3729	2898	-831	153952	83100	0	83100	-155.035	82944.965	82937.21325	83100
staker_halving_tick_cross_batch_1_filetest.gno	Swap (halving, 1 staked tick-cross)		32197775	32352810	155035	2813	1982	-831	153952	83100	0	83100	-155.035	82944.965	82937.21325	83100
staker_halving_tick_cross_batch_50_filetest.gno	Swap (halving, 50 staked tick-crosses)		445343810	445498827	155017	7260	6423	-837	153952	83700	0	83700	-155.017	83544.983	83537.23215	83700
staker_staked_liquidity_collect1_filetest.gno	StakedLiquidity RewardCollect external=1 history-grown first		20998343	21266759	268416	423	423	0	261564	0	0	0	-268.416	-268.416	-281.8368	0
staker_staked_liquidity_collect1_filetest.gno	StakedLiquidity RewardCollect external=1 history-grown same-time second		4061971	4151443	89472	0	0	0	87188	0	0	0	-89.472	-89.472	-93.9456	0
staker_staked_liquidity_collect1_filetest.gno	StakedLiquidity RewardCollect external=1 history-grown later		21125801	21394217	268416	0	0	0	261564	0	0	0	-268.416	-268.416	-281.8368	0
staker_staked_liquidity_collect4_filetest.gno	StakedLiquidity RewardCollect external=4 history-grown first		41819576	42356408	536832	1365	1365	0	523128	0	0	0	-536.832	-536.832	-563.6736	0
staker_staked_liquidity_collect4_filetest.gno	StakedLiquidity RewardCollect external=4 history-grown same-time second		4631304	4720776	89472	0	0	0	87188	0	0	0	-89.472	-89.472	-93.9456	0
staker_staked_liquidity_collect4_filetest.gno	StakedLiquidity RewardCollect external=4 history-grown later		42769167	43305999	536832	0	0	0	523128	0	0	0	-536.832	-536.832	-563.6736	0
staker_staked_liquidity_controls_filetest.gno	StakedLiquidity Control SameTimestamp Stake		10688739	10843561	154822	23434	23434	0	153952	0	0	0	-154.822	-154.822	-162.5631	0
staker_staked_liquidity_controls_filetest.gno	StakedLiquidity Control SameTimestamp Unstake		11390291	11589846	199555	-16327	-16327	0	197546	0	0	0	-199.555	-199.555	-209.53275	0
staker_staked_liquidity_controls_filetest.gno	StakedLiquidity Control PositiveTransition		14020753	14175788	155035	24880	24049	-831	153952	83100	0	83100	-155.035	82944.965	82937.21325	83100
staker_staked_liquidity_controls_filetest.gno	StakedLiquidity Control ZeroTransition		23110474	23399717	289243	-20096	-20927	-831	284734	0	83100	83100	-289.243	82810.757	82796.29485	83100
staker_staked_liquidity_cycles_filetest.gno	StakedLiquidity Lifecycle InitialStake		14166770	14321808	155038	33025	32194	-831	153952	83100	0	83100	-155.038	82944.962	82937.2101	83100
staker_staked_liquidity_cycles_filetest.gno	StakedLiquidity Lifecycle Unstake 1		23120150	23409656	289506	-20096	-20927	-831	284734	0	83100	83100	-289.506	82810.494	82796.0187	83100
staker_staked_liquidity_cycles_filetest.gno	StakedLiquidity Lifecycle Restake 1		16919717	17074752	155035	24869	24038	-831	153952	83100	0	83100	-155.035	82944.965	82937.21325	83100
staker_staked_liquidity_cycles_filetest.gno	StakedLiquidity Lifecycle Unstake 2		25448149	25737129	288980	-22151	-22982	-831	284734	0	83100	83100	-288.98	82811.02	82796.571	83100
staker_staked_liquidity_cycles_filetest.gno	StakedLiquidity Lifecycle Restake 2		16948116	17103151	155035	24869	24038	-831	153952	83100	0	83100	-155.035	82944.965	82937.21325	83100
staker_staked_liquidity_cycles_filetest.gno	StakedLiquidity Lifecycle Unstake 3		25463355	25752598	289243	-22143	-22974	-831	284734	0	83100	83100	-289.243	82810.757	82796.29485	83100
staker_staked_liquidity_cycles_filetest.gno	StakedLiquidity Lifecycle Restake 3		16963436	17118471	155035	24867	24036	-831	153952	83100	0	83100	-155.035	82944.965	82937.21325	83100
staker_staked_liquidity_cycles_filetest.gno	StakedLiquidity Lifecycle Unstake 4		25496358	25785601	289243	-22151	-22982	-831	284734	0	83100	83100	-289.243	82810.757	82796.29485	83100
staker_staked_liquidity_cycles_filetest.gno	StakedLiquidity Lifecycle Restake 4		16970491	17125526	155035	24863	24032	-831	153952	83100	0	83100	-155.035	82944.965	82937.21325	83100
staker_staked_liquidity_cycles_filetest.gno	StakedLiquidity Lifecycle Unstake 5		25504304	25793547	289243	-22151	-22982	-831	284734	0	83100	83100	-289.243	82810.757	82796.29485	83100
staker_staked_liquidity_cycles_filetest.gno	StakedLiquidity Lifecycle Restake 5		16984326	17139361	155035	24865	24034	-831	153952	83100	0	83100	-155.035	82944.965	82937.21325	83100
staker_staked_liquidity_cycles_filetest.gno	StakedLiquidity Lifecycle Unstake 6		25512758	25802001	289243	-22148	-22979	-831	284734	0	83100	83100	-289.243	82810.757	82796.29485	83100
staker_staked_liquidity_cycles_filetest.gno	StakedLiquidity Lifecycle Restake 6		16989929	17144964	155035	24863	24032	-831	153952	83100	0	83100	-155.035	82944.965	82937.21325	83100
staker_staked_liquidity_cycles_filetest.gno	StakedLiquidity Lifecycle Unstake 7		25520533	25809776	289243	-22092	-22923	-831	284734	0	83100	83100	-289.243	82810.757	82796.29485	83100
staker_staked_liquidity_cycles_filetest.gno	StakedLiquidity Lifecycle Restake 7		17007154	17162189	155035	24863	24032	-831	153952	83100	0	83100	-155.035	82944.965	82937.21325	83100
staker_staked_liquidity_cycles_filetest.gno	StakedLiquidity Lifecycle Unstake 8		25552835	25842078	289243	-22151	-22982	-831	284734	0	83100	83100	-289.243	82810.757	82796.29485	83100
staker_staked_liquidity_cycles_filetest.gno	StakedLiquidity Lifecycle Restake 8		17009518	17164553	155035	24863	24032	-831	153952	83100	0	83100	-155.035	82944.965	82937.21325	83100
staker_staked_liquidity_cycles_filetest.gno	StakedLiquidity Lifecycle Unstake 9		25553834	25843077	289243	-22151	-22982	-831	284734	0	83100	83100	-289.243	82810.757	82796.29485	83100
staker_staked_liquidity_cycles_filetest.gno	StakedLiquidity Lifecycle Restake 9		17010421	17165456	155035	24863	24032	-831	153952	83100	0	83100	-155.035	82944.965	82937.21325	83100
staker_staked_liquidity_cycles_filetest.gno	StakedLiquidity Lifecycle Unstake 10		25578680	25867923	289243	-22150	-22981	-831	284734	0	83100	83100	-289.243	82810.757	82796.29485	83100
staker_staked_liquidity_cycles_filetest.gno	StakedLiquidity Lifecycle Restake 10		17061930	17216965	155035	24864	24033	-831	153952	83100	0	83100	-155.035	82944.965	82937.21325	83100
staker_staked_liquidity_cycles_filetest.gno	StakedLiquidity Lifecycle Unstake 11		25637548	25926710	289162	-22145	-22981	-836	284734	0	83600	83600	-289.162	83310.838	83296.3799	83600
staker_staked_liquidity_cycles_filetest.gno	StakedLiquidity Lifecycle Restake 11		17077700	17232345	154645	25011	24065	-946	153952	94600	0	94600	-154.645	94445.355	94437.62275	94600
staker_staked_liquidity_cycles_filetest.gno	StakedLiquidity Lifecycle Unstake 12		25647083	25935720	288637	-22275	-23007	-732	284734	0	73200	73200	-288.637	72911.363	72896.93115	73200
staker_staked_liquidity_cycles_filetest.gno	StakedLiquidity Lifecycle Restake 12		17080082	17235093	155011	25011	24174	-837	153952	83700	0	83700	-155.011	83544.989	83537.23845	83700
staker_staked_liquidity_cycles_filetest.gno	StakedLiquidity Lifecycle Unstake 13		25649558	25938777	289219	-22275	-23112	-837	284734	0	83700	83700	-289.219	83410.781	83396.32005	83700
staker_staked_liquidity_cycles_filetest.gno	StakedLiquidity Lifecycle Restake 13		17083484	17238495	155011	25011	24174	-837	153952	83700	0	83700	-155.011	83544.989	83537.23845	83700
staker_staked_liquidity_cycles_filetest.gno	StakedLiquidity Lifecycle Unstake 14		25653056	25942275	289219	-22275	-23112	-837	284734	0	83700	83700	-289.219	83410.781	83396.32005	83700
staker_staked_liquidity_cycles_filetest.gno	StakedLiquidity Lifecycle Restake 14		17089099	17244110	155011	25013	24176	-837	153952	83700	0	83700	-155.011	83544.989	83537.23845	83700
staker_staked_liquidity_cycles_filetest.gno	StakedLiquidity Lifecycle Unstake 15		25658767	25947986	289219	-22275	-23112	-837	284734	0	83700	83700	-289.219	83410.781	83396.32005	83700
staker_staked_liquidity_cycles_filetest.gno	StakedLiquidity Lifecycle Restake 15		17104398	17259409	155011	25011	24174	-837	153952	83700	0	83700	-155.011	83544.989	83537.23845	83700
staker_staked_liquidity_cycles_filetest.gno	StakedLiquidity Lifecycle Unstake 16		25690312	25979531	289219	-22275	-23112	-837	284734	0	83700	83700	-289.219	83410.781	83396.32005	83700
staker_staked_liquidity_cycles_filetest.gno	StakedLiquidity Lifecycle Restake 16		17106777	17261788	155011	25011	24174	-837	153952	83700	0	83700	-155.011	83544.989	83537.23845	83700
staker_staked_liquidity_cycles_filetest.gno	StakedLiquidity Lifecycle Unstake 17		25681447	25970666	289219	-22273	-23110	-837	284734	0	83700	83700	-289.219	83410.781	83396.32005	83700
staker_staked_liquidity_cycles_filetest.gno	StakedLiquidity Lifecycle Restake 17		17097816	17252827	155011	25011	24174	-837	153952	83700	0	83700	-155.011	83544.989	83537.23845	83700
staker_staked_liquidity_cycles_filetest.gno	StakedLiquidity Lifecycle Unstake 18		25680140	25969359	289219	-22275	-23112	-837	284734	0	83700	83700	-289.219	83410.781	83396.32005	83700
staker_staked_liquidity_cycles_filetest.gno	StakedLiquidity Lifecycle Restake 18		17100195	17255206	155011	25011	24174	-837	153952	83700	0	83700	-155.011	83544.989	83537.23845	83700
staker_staked_liquidity_cycles_filetest.gno	StakedLiquidity Lifecycle Unstake 19		25692500	25981719	289219	-22275	-23112	-837	284734	0	83700	83700	-289.219	83410.781	83396.32005	83700
staker_staked_liquidity_cycles_filetest.gno	StakedLiquidity Lifecycle Restake 19		17112459	17267470	155011	25011	24174	-837	153952	83700	0	83700	-155.011	83544.989	83537.23845	83700
staker_staked_liquidity_cycles_filetest.gno	StakedLiquidity Lifecycle Unstake 20		25699731	25988950	289219	-22275	-23112	-837	284734	0	83700	83700	-289.219	83410.781	83396.32005	83700
staker_staked_liquidity_cycles_filetest.gno	StakedLiquidity Lifecycle Restake 20		17116299	17271310	155011	25011	24174	-837	153952	83700	0	83700	-155.011	83544.989	83537.23845	83700
staker_staked_liquidity_history_split_filetest.gno	StakedLiquidity HistorySplit entries=64 append-to=65		26185538	26447937	262399	8900	8063	-837	284734	83700	0	83700	-262.399	83437.601	83424.48105	83700
staker_staked_liquidity_history_split_filetest.gno	StakedLiquidity HistorySplit entries=65 append-to=66		17175999	17331016	155017	25109	24272	-837	153952	83700	0	83700	-155.017	83544.983	83537.23215	83700
staker_tick_cross_batch_no_halving_10_filetest.gno	Swap (no halving, 10 staked tick-crosses)		94229033	94339116	110083	-7110	-7110	0	110358	0	0	0	-110.083	-110.083	-115.58715	0
staker_tick_cross_batch_no_halving_1_filetest.gno	Swap (no halving, 1 staked tick-cross)		26002108	26112191	110083	-7684	-7684	0	110358	0	0	0	-110.083	-110.083	-115.58715	0
staker_tick_cross_batch_no_halving_50_filetest.gno	Swap (no halving, 50 staked tick-crosses)		406594608	406704676	110068	-5108	-5113	-5	110358	0	500	500	-110.068	389.932	384.4286	500
version_manager_filetest.gno	RegisterInitializer (v1)		71548	71548	0	0	0	0	0	0	0	0	0	0	0	0
version_manager_filetest.gno	RegisterInitializer (v2)		55268	55268	0	0	0	0	0	0	0	0	0	0	0	0
